file,species
0050f38b3.png,Charlock
0183fdf68.png,Charlock
0260cffa8.png,Charlock
05eedce4d.png,Charlock
075d004bc.png,Charlock
078eae073.png,Charlock
082314602.png,Charlock
0ace21089.png,Charlock
0b228a6b8.png,Charlock
0b3e7a7a9.png,Charlock
0bb75ded8.png,Charlock
0be707615.png,Charlock
0c67c3fc3.png,Charlock
0d1a9985f.png,Charlock
0d28c429b.png,Charlock
022179d65.png,Charlock
02c95e601.png,Charlock
04098447d.png,Charlock
04142acb9.png,Charlock
0537577cd.png,Charlock
084a9cb18.png,Charlock
08fcc43a7.png,Charlock
09f038ce4.png,Charlock
0a7e1ca41.png,Charlock
0b2fba287.png,Charlock
0b3167af8.png,Charlock
0c4a435c7.png,Charlock
0cf0581b1.png,Charlock
0d5f555a3.png,Charlock
0dba71eba.png,Charlock
005b4a3e3.png,Charlock
00aa8d5a4.png,Charlock
00df90ed6.png,Charlock
01605ed73.png,Charlock
03bee43c0.png,Charlock
0515bc601.png,Charlock
0522ec53b.png,Charlock
06f447848.png,Charlock
0756fd41e.png,Charlock
07ac7bc07.png,Charlock
0920492fd.png,Charlock
09da4f213.png,Charlock
0a1e622bc.png,Charlock
0a33283c7.png,Charlock
0ac0f0a66.png,Charlock
00b6eee9f.png,Charlock
00ba5f88a.png,Charlock
00d33935c.png,Charlock
0118f1f70.png,Charlock
017a3000a.png,Charlock
019c3bbea.png,Charlock
01eef6041.png,Charlock
024b144e3.png,Charlock
02ad544a4.png,Charlock
02beb950e.png,Charlock
0331a0d41.png,Charlock
0366e36eb.png,Charlock
036eca712.png,Charlock
037295da4.png,Charlock
04526c399.png,Charlock
012db0f43.png,Charlock
01a2ae45e.png,Charlock
0382d0faf.png,Charlock
04468fad4.png,Charlock
060e8f499.png,Charlock
096ec46ec.png,Charlock
0975602f4.png,Charlock
0a4a26651.png,Charlock
0df5ee8a2.png,Charlock
0ec23ca76.png,Charlock
0ff464e3e.png,Charlock
106bfb13a.png,Charlock
108bf8703.png,Charlock
11b88da7c.png,Charlock
126c8b947.png,Charlock
00268e97d.png,Charlock
008f1b92d.png,Charlock
009004da3.png,Charlock
01396e759.png,Charlock
01437202b.png,Charlock
0157c4199.png,Charlock
020ac5b06.png,Charlock
02a67d111.png,Charlock
03100eb7e.png,Charlock
038850f48.png,Charlock
0486762e1.png,Charlock
066395555.png,Charlock
075cb6666.png,Charlock
07636139b.png,Charlock
077190c7a.png,Charlock
0012f11c4.png,Charlock
00442de98.png,Charlock
006eac3d9.png,Charlock
009d8d799.png,Charlock
0140dfc02.png,Charlock
01897adc9.png,Charlock
01ad79c2e.png,Charlock
02b15993e.png,Charlock
0367e0199.png,Charlock
04a16ff3b.png,Charlock
05067feb7.png,Charlock
054ed75f8.png,Charlock
065757bb0.png,Charlock
066868de0.png,Charlock
06bbb09fb.png,Charlock
006196e1c.png,Charlock
0086c28b2.png,Charlock
00a18f05e.png,Charlock
0150b5b7e.png,Charlock
01642cae8.png,Charlock
0184ec53f.png,Charlock
030e7f9ef.png,Charlock
0419f5bbc.png,Charlock
051ea51d0.png,Charlock
06e1ee6e1.png,Charlock
084d21b80.png,Charlock
0bdaf1d8f.png,Charlock
0cd0d9b8c.png,Charlock
0f16cf10a.png,Charlock
107bd7230.png,Charlock
01358344b.png,Charlock
015215883.png,Charlock
01e90ef62.png,Charlock
025155400.png,Charlock
0258481da.png,Charlock
02ae4e8a3.png,Charlock
0372b48e1.png,Charlock
03906fdd7.png,Charlock
03a92ad22.png,Charlock
03ee6340f.png,Charlock
0438cc647.png,Charlock
04dff1857.png,Charlock
04f89976a.png,Charlock
05ceff7d1.png,Charlock
05f76f20c.png,Charlock
006a4d00d.png,Charlock
00dd0d16a.png,Charlock
01aef64d2.png,Charlock
02afc3d7a.png,Charlock
04e064c46.png,Charlock
04fafa0d3.png,Charlock
05ea7f987.png,Charlock
07f867aa5.png,Charlock
0ad0ef03e.png,Charlock
0b1df6f5a.png,Charlock
0bef4ae08.png,Charlock
0ca928305.png,Charlock
0ddeaa6e7.png,Charlock
0e93f4d05.png,Charlock
1022cc155.png,Charlock
003402ea0.png,Charlock
00cc58829.png,Charlock
00d030ea0.png,Charlock
00e049fe8.png,Charlock
018c28574.png,Charlock
01e18fd1a.png,Charlock
0268ecbe2.png,Charlock
027f505f5.png,Charlock
028329f45.png,Charlock
04559c69c.png,Charlock
055922489.png,Charlock
05598e057.png,Charlock
05e5b5cb6.png,Charlock
06a64ac47.png,Charlock
071907a13.png,Charlock
0026b7a30.png,Charlock
00626e3be.png,Charlock
008753052.png,Charlock
00acffa82.png,Charlock
019e2ca3b.png,Charlock
01f145914.png,Charlock
02460681c.png,Charlock
04c979351.png,Charlock
05f87cff9.png,Charlock
06a859dfd.png,Charlock
071c8beda.png,Charlock
0838d0a77.png,Charlock
089859249.png,Charlock
095ba8b9d.png,Charlock
0ad9c629b.png,Charlock
